City_ID,City,Lat,Lng,Max Temp,Humidity,Cloudiness,Wind Speed,Country,Date
0,magadan,59.5667,150.8,0.85,94,100,5.91,RU,1698816202
1,anuradhapura,8.3565,80.4173,29.48,69,97,1.98,LK,1698816202
2,cabo san lucas,22.8909,-109.9124,26.53,73,9,1.97,MX,1698816029
3,bredasdorp,-34.5322,20.0403,16.7,77,97,6.83,ZA,1698816203
4,vorgashor,67.5833,63.95,-10.82,96,100,2.12,RU,1698816203
5,puerto natales,-51.7236,-72.4875,0.66,90,20,1.85,CL,1698816204
6,port-aux-francais,-49.35,70.2167,4.0,95,100,10.69,TF,1698816205
7,gargalianoi,37.0667,21.6333,18.53,83,78,1.82,GR,1698816205
8,blackmans bay,-43.0167,147.3167,17.63,61,8,0.45,AU,1698816206
9,lubango,-14.9172,13.4925,12.92,67,8,1.03,AO,1698816206
10,grytviken,-54.2811,-36.5092,0.34,79,82,2.36,GS,1698816207
11,kijang,35.2442,129.2139,21.85,52,0,6.18,KR,1698816207
12,paita,-5.0892,-81.1144,19.83,85,64,5.13,PE,1698816208
13,waitangi,-43.9535,-176.5597,13.79,96,100,5.81,NZ,1698816209
14,west island,-12.1568,96.8225,27.99,74,87,7.72,CC,1698816209
15,fort bragg,35.139,-79.006,8.08,91,100,2.06,US,1698816210
16,strelka,58.0728,93.0344,-7.22,39,0,3.54,RU,1698816210
17,matoury,4.8483,-52.3317,26.98,89,40,0.0,GF,1698816211
18,iqaluit,63.7506,-68.5145,-7.15,86,100,14.92,CA,1698816211
19,lappeenranta,61.0587,28.1887,2.03,93,100,6.69,FI,1698816212
20,andergrove,-21.0833,149.1833,31.47,60,61,6.15,AU,1698816212
21,georgetown,5.4112,100.3354,27.96,86,20,4.63,MY,1698816099
22,albany,42.6001,-73.9662,3.71,78,92,0.18,US,1698816213
23,sinop,41.7711,34.8709,17.54,54,99,3.97,TR,1698816214
24,umba,66.6871,34.3429,-5.31,92,27,1.26,RU,1698816214
25,adamstown,-25.066,-130.1015,22.41,73,3,3.92,PN,1698816214
26,invercargill,-46.4,168.35,11.68,91,99,2.68,NZ,1698816215
27,molde,62.7375,7.1591,0.91,55,0,6.17,NO,1698816215
28,stanley,54.868,-1.6985,8.07,96,100,5.14,GB,1698816216
29,springbok,-29.6643,17.8865,18.15,49,50,10.36,ZA,1698816216
30,tabou,4.423,-7.3528,24.74,88,86,1.77,CI,1698816217
31,bethel,41.3712,-73.414,7.34,71,100,1.54,US,1698816217
32,rio claro,-22.4114,-47.5614,22.44,50,97,1.23,BR,1698816218
33,avarua,-21.2078,-159.775,23.03,78,40,7.72,CK,1698816219
34,alice springs,-23.7,133.8833,34.75,10,9,8.23,AU,1698815959
35,mirny,62.5353,113.9611,-18.97,87,74,1.54,RU,1698816219
36,new norfolk,-42.7826,147.0587,18.29,32,7,3.21,AU,1698816220
37,ancud,-41.8697,-73.8203,6.23,78,45,3.06,CL,1698816220
38,saipan,15.1355,145.701,31.39,70,40,6.17,MP,1698816221
39,tarui,35.3667,136.5333,22.02,37,0,1.99,JP,1698816221
40,margaret river,-33.95,115.0667,21.49,53,1,7.1,AU,1698816222
41,puerto baquerizo moreno,-0.9,-89.6,23.03,78,61,3.48,EC,1698816165
42,asau,46.4333,26.4,10.71,79,100,1.85,RO,1698816222
43,acara,-1.9608,-48.1967,24.52,87,3,1.87,BR,1698816223
44,prince rupert,54.3161,-130.3201,7.83,75,100,1.54,CA,1698816223
45,kavieng,-2.5744,150.7967,28.8,71,35,2.76,PG,1698816224
46,petropavlovsk-kamchatsky,53.0452,158.6483,4.33,63,75,1.0,RU,1698816224
47,udachny,66.4167,112.4,-21.47,95,97,2.06,RU,1698816225
48,bani walid,31.7566,13.9942,20.35,34,57,2.14,LY,1698816225
49,mitsamiouli,-11.3847,43.2844,27.36,76,38,5.22,KM,1698816226
50,touros,-5.1989,-35.4608,24.71,82,6,3.99,BR,1698816008
51,port elizabeth,-33.918,25.5701,16.84,86,75,3.09,ZA,1698816226
52,ust-nera,64.5667,143.2,-11.71,96,100,1.64,RU,1698816227
53,afaahiti,-17.75,-149.2833,25.93,83,63,11.14,PF,1698816227
54,codrington,-38.2667,141.9667,15.21,58,93,5.3,AU,1698816228
55,severo-yeniseyskiy,60.3725,93.0408,-11.35,65,3,1.34,RU,1698816228
56,bac lieu,9.285,105.7244,30.67,68,100,7.48,VN,1698816229
57,yuzhno-kurilsk,44.0306,145.8556,14.1,75,78,6.79,RU,1698816229
58,cockburn town,21.4612,-71.1419,28.59,81,100,7.06,TC,1698816229
59,morehead city,34.7229,-76.726,11.1,90,100,6.69,US,1698816230
60,chajul,15.4853,-91.0342,10.46,97,100,0.9,GT,1698816230
61,edinburgh of the seven seas,-37.0676,-12.3116,13.6,95,46,5.9,SH,1698816231
62,papatowai,-46.5619,169.4708,13.9,77,65,2.61,NZ,1698816231
63,bilibino,68.0546,166.4372,-16.75,97,72,2.39,RU,1698816232
64,namsos,64.4662,11.4957,0.03,86,100,3.09,NO,1698816232
65,ventspils,57.3894,21.5606,8.96,93,100,7.2,LV,1698816232
66,longyearbyen,78.2186,15.6401,-9.09,79,20,1.54,SJ,1698816195
67,taltal,-25.4,-70.4833,15.74,81,12,0.61,CL,1698816233
68,olinda,-8.0089,-34.8553,25.85,78,40,2.06,BR,1698816234
69,mount pearl,47.5166,-52.7813,1.52,88,0,4.63,CA,1698816234
70,aasiaat,68.7098,-52.8699,3.7,58,98,9.35,GL,1698816234
71,sosnovka,56.255,51.2842,-0.38,97,100,2.35,RU,1698816235
72,loncoche,-39.3667,-72.6333,6.15,84,100,1.13,CL,1698816235
73,kodiak,57.79,-152.4072,7.73,100,100,8.23,US,1698816227
74,yellowknife,62.456,-114.3525,-5.71,79,100,1.03,CA,1698816236
75,pimenta bueno,-11.6725,-61.1936,22.75,84,52,0.36,BR,1698816236
76,mar del plata,-38.0023,-57.5575,8.86,65,75,3.58,AR,1698816124
77,uturoa,-16.7333,-151.4333,26.31,78,10,10.13,PF,1698816237
78,port mathurin,-19.6833,63.4167,25.18,73,2,6.92,MU,1698816238
79,nuuk,64.1835,-51.7216,6.34,56,20,5.14,GL,1698816158
80,meadville,41.6414,-80.1515,1.57,89,100,3.09,US,1698816035
81,lebu,-37.6167,-73.65,8.4,79,98,5.28,CL,1698816239
82,gopalpur,19.2667,84.9167,28.13,59,5,3.46,IN,1698816052
83,forster,-32.1667,152.5167,20.16,59,86,4.04,AU,1698816239
84,matsumoto,36.2333,137.9667,21.23,38,20,2.24,JP,1698816240
85,punta arenas,-53.15,-70.9167,4.06,65,0,3.09,CL,1698816240
86,salalah,17.0151,54.0924,29.05,61,0,1.03,OM,1698816241
87,iwanai,42.9744,140.5089,15.23,86,96,4.02,JP,1698816241
88,taro,-8.3862,115.28,28.0,48,30,2.09,ID,1698816242
89,carnarvon,-24.8667,113.6333,25.07,58,0,6.44,AU,1698816019
90,hamilton,39.1834,-84.5333,0.99,74,20,5.14,US,1698816242
91,hanceville,34.0607,-86.7675,5.79,45,0,6.34,US,1698816243
92,puerto rico,-26.796,-55.024,18.17,97,3,0.59,AR,1698816243
93,taoudenni,22.6783,-3.9836,28.18,15,3,3.71,ML,1698816244
94,san andres,12.5847,-81.7006,28.01,83,20,2.06,CO,1698816245
95,sao jose da coroa grande,-8.8978,-35.1478,23.88,82,39,2.51,BR,1698816232
96,vilyuchinsk,52.9306,158.4028,5.15,76,85,1.01,RU,1698816245
97,olyokminsk,60.3736,120.4264,-14.2,73,100,3.86,RU,1698816246
98,chernyshevskiy,63.0128,112.4714,-19.29,90,98,1.71,RU,1698816247
99,khandyga,62.6667,135.6,-10.74,93,100,1.15,RU,1698816247
100,ville platte,30.688,-92.2715,7.16,41,0,3.79,US,1698816248
101,ushibukamachi,32.1906,130.0228,20.55,57,14,2.23,JP,1698816248
102,halifax,44.6453,-63.5724,1.79,84,92,0.45,CA,1698815982
103,qaqortoq,60.7167,-46.0333,0.8,99,100,2.27,GL,1698816249
104,elverum,60.8819,11.5623,-3.45,89,98,1.9,NO,1698816249
105,papao,-17.75,-149.55,26.82,84,30,12.26,PF,1698816250
106,senanga,-16.1167,23.2667,21.91,72,13,2.43,ZM,1698816250
107,extrema,-22.8547,-46.3183,17.89,97,93,0.09,BR,1698816251
108,whitehorse,60.7161,-135.0538,1.43,94,100,1.54,CA,1698816251
109,olonkinbyen,70.9221,-8.7187,1.71,76,100,4.0,SJ,1698816252
110,kununurra,-15.7667,128.7333,34.99,46,20,3.6,AU,1698816252
111,saynshand,44.8824,110.1163,15.02,34,95,9.16,MN,1698816253
112,ribeira grande,38.5167,-28.7,19.87,85,64,7.15,PT,1698816254
113,bardai,11.65,7.2333,20.8,24,98,3.72,NG,1698816254
114,san antonio de pale,-1.4014,5.6325,26.58,84,100,4.63,GQ,1698816255
115,aitape,-3.1374,142.3475,28.87,75,49,2.5,PG,1698816203
116,dudinka,69.4058,86.1778,-16.85,97,90,0.89,RU,1698816255
117,xining,36.6167,101.7667,13.13,21,0,1.19,CN,1698816256
118,port lincoln,-34.7333,135.8667,15.97,54,1,4.28,AU,1698816256
119,klyuchi,52.2667,79.1667,1.74,72,96,3.96,RU,1698816257
120,zaozersk,69.4005,32.4476,-6.78,96,53,3.23,RU,1698816258
121,tiksi,71.6872,128.8694,-10.71,96,100,6.4,RU,1698816258
122,tchintabaraden,15.8969,5.7985,24.65,19,88,4.36,NE,1698816099
123,geraldton,-28.7667,114.6,28.23,36,0,8.75,AU,1698815961
124,coquimbo,-29.9533,-71.3436,13.85,88,75,1.54,CL,1698816259
125,kiruna,67.8557,20.2251,-17.49,92,33,2.06,SE,1698816260
126,hadibu,12.65,54.0333,26.88,71,70,5.31,YE,1698816260
127,hermanus,-34.4187,19.2345,16.54,77,98,7.04,ZA,1698816261
128,the pas,53.8251,-101.2541,-2.99,86,100,4.63,CA,1698816261
129,susuman,62.7833,148.1667,-13.34,92,93,1.34,RU,1698816262
130,lata,40.1629,-8.3327,15.6,97,100,2.27,PT,1698816262
131,igarka,67.4667,86.5833,-16.67,93,99,3.44,RU,1698816263
132,prince george,53.9166,-122.753,0.9,77,75,0.0,CA,1698816264
133,rongelap,11.1635,166.8941,28.35,75,70,8.14,MH,1698816264
134,springs,-26.25,28.4,10.08,94,5,3.19,ZA,1698816265
135,nagqu,31.5,92.0,3.09,43,11,3.85,CN,1698816265
136,erenhot,43.6475,111.9767,16.94,29,96,9.76,CN,1698816266
137,qamdo,31.1667,97.2333,5.41,31,1,1.22,CN,1698816266
138,licata,37.1071,13.9461,18.46,76,83,2.33,IT,1698816267
139,bougouni,11.417,-7.479,25.75,62,88,2.08,ML,1698816267
140,badger,64.8,-147.5333,-0.16,88,75,0.0,US,1698816268
141,popondetta,-8.7537,148.2534,30.57,60,100,2.27,PG,1698816268
142,calingasta,-31.3308,-69.4078,12.16,32,7,2.74,AR,1698816269
143,melchor de mencos,17.0686,-89.1522,23.0,100,100,2.06,GT,1698816269
144,ilulissat,69.2167,-51.1,7.01,42,75,11.32,GL,1698816270
145,thompson,55.7435,-97.8558,-2.91,86,100,3.09,CA,1698816061
146,altai,46.3722,96.2583,1.95,87,100,3.86,MN,1698816085
147,ulladulla,-35.35,150.4667,21.54,50,32,4.62,AU,1698816271
148,iskateley,67.6803,53.1512,-10.55,97,95,2.68,RU,1698816271
149,mayya,61.7333,130.2811,-13.38,84,100,2.89,RU,1698816272
150,lamu,-2.2717,40.902,25.12,80,35,3.36,KE,1698816272
151,enewetak,11.3474,162.3373,28.59,76,100,5.79,MH,1698816272
152,mersing,2.4312,103.8405,31.95,70,40,4.12,MY,1698816273
153,ushuaia,-54.8,-68.3,4.81,95,0,8.23,AR,1698816252
154,jamestown,42.097,-79.2353,0.01,95,100,4.12,US,1698816246
155,karlskrona,56.1616,15.5866,3.25,69,93,5.58,SE,1698816274
156,lambarene,-0.7001,10.2406,23.79,97,99,0.7,GA,1698816275
157,tangalle,6.024,80.7911,31.09,75,97,1.82,LK,1698816275
158,santiago,-33.4569,-70.6483,13.25,58,0,2.57,CL,1698816209
159,matsuyama,33.8392,132.7657,23.44,42,20,3.6,JP,1698816007
160,port alfred,-33.5906,26.891,17.32,88,46,1.34,ZA,1698816276
161,ballina,-28.8667,153.5667,20.43,66,100,6.38,AU,1698816276
162,anadyr,64.75,177.4833,-5.72,93,40,4.0,RU,1698816277
163,kimberley,-28.7323,24.7623,10.83,82,0,2.06,ZA,1698816277
164,coihueco,-36.6167,-71.8333,7.41,87,0,0.0,CL,1698816278
165,amuntai,-2.4177,115.2494,39.09,29,11,0.72,ID,1698816279
166,east london,-33.0153,27.9116,16.59,71,60,4.7,ZA,1698816211
167,puerto ayora,-0.7393,-90.3518,24.19,93,13,0.45,EC,1698816279
168,ugoofaaru,5.6667,73.0,28.46,74,100,5.78,MV,1698816280
169,nogliki,51.8333,143.1667,2.41,71,100,1.34,RU,1698816050
170,karasburg,-28.0167,18.75,16.6,58,61,10.45,NA,1698816281
171,hirado,33.3597,129.5531,21.28,60,0,5.24,JP,1698816281
172,hawaiian paradise park,19.5933,-154.9731,23.28,88,0,1.54,US,1698816282
173,soe,-9.8607,124.284,31.58,28,55,5.69,ID,1698816282
174,arteche,12.2645,125.4048,30.64,66,100,3.81,PH,1698816282
175,tazacorte,28.629,-17.9293,22.54,83,0,3.6,ES,1698816283
176,lihue,21.9789,-159.3672,26.58,82,100,3.6,US,1698816283
177,slave lake,55.2834,-114.769,-2.01,86,100,1.03,CA,1698816284
178,kerikeri,-35.2268,173.9474,20.51,72,98,0.89,NZ,1698816284
179,constantia,44.1833,28.65,14.38,67,93,4.93,RO,1698816285
180,nova sintra,14.8667,-24.7167,22.67,85,89,4.73,CV,1698816285
181,tolanaro,-25.0319,46.9987,21.04,100,100,5.66,MG,1698816286
182,crane,31.3974,-102.3501,7.09,36,0,3.73,US,1698816286
183,aoulef,26.9667,1.0833,25.97,17,6,4.07,DZ,1698816287
184,conception bay south,47.4999,-52.9981,1.85,89,1,2.94,CA,1698816287
185,kosh-agach,50.0,88.6667,-1.5,70,98,1.79,RU,1698816288
186,paredon,16.0333,-93.8667,25.31,69,100,6.85,MX,1698816289
187,bystrice nad pernstejnem,49.5229,16.2615,7.93,96,55,2.08,CZ,1698816290
188,saint john,45.2727,-66.0677,-2.0,93,0,0.0,CA,1698816285
189,comandante fontana,-25.3345,-59.6821,21.35,84,85,2.54,AR,1698816290
190,dhangadhi,28.7079,80.5961,27.66,43,22,1.43,NP,1698816030
191,sos'va,59.1766,61.8558,-7.19,100,71,0.89,RU,1698816291
192,bayanhongor,46.7167,100.1167,1.1,93,93,2.25,MN,1698816292
193,usinsk,65.9939,57.5281,-7.74,94,94,4.92,RU,1698816154
194,kapuskasing,49.4169,-82.4331,-4.0,74,100,2.57,CA,1698816292
195,margate,51.3813,1.3862,15.5,91,100,2.24,GB,1698816293
196,khenchela,35.4358,7.1433,15.7,44,98,4.65,DZ,1698816293
197,nuku'alofa,-21.1333,-175.2,26.19,83,20,5.66,TO,1698816293
198,mount gambier,-37.8333,140.7667,16.59,49,77,4.31,AU,1698816294
199,hun,29.1268,15.9477,20.49,33,0,2.08,LY,1698816295
200,colonia,50.9333,6.95,13.01,91,75,4.63,DE,1698816146
201,cidreira,-30.1811,-50.2056,18.67,90,91,5.18,BR,1698816289
202,godda,24.8333,87.2167,28.17,56,73,1.8,IN,1698816296
203,tazovsky,67.4667,78.7,-13.37,91,100,4.5,RU,1698816296
204,nadym,65.5333,72.5167,-9.4,93,100,5.27,RU,1698816297
205,tuy hoa,13.0833,109.3,27.07,88,100,4.39,VN,1698816297
206,yinchuan,38.4681,106.2731,20.5,32,0,2.05,CN,1698816298
207,san carlos de bariloche,-41.1456,-71.3082,3.86,81,75,4.63,AR,1698816028
208,yenifakili,39.2114,35.0004,15.54,40,84,1.24,TR,1698816298
209,hithadhoo,-0.6,73.0833,27.34,80,99,5.66,MV,1698816299
210,pisco,-13.7,-76.2167,17.23,82,14,0.51,PE,1698816299
211,mikomeseng,2.1361,10.6132,20.75,100,100,0.6,GQ,1698816300
212,sejenane,37.0572,9.2381,17.53,79,96,3.13,TN,1698816300
213,fort st. john,56.2499,-120.8529,-0.06,74,75,2.57,CA,1698816271
214,nabire,-3.3667,135.4833,30.02,69,40,2.52,ID,1698816301
215,college,64.8569,-147.8028,-0.11,83,75,0.0,US,1698816171
216,al jawf,29.5,38.75,21.65,49,94,1.1,SA,1698816302
217,aberystwyth,52.4155,-4.0829,13.17,90,100,10.45,GB,1698816261
218,tsiombe,-25.3,45.4833,21.26,87,100,7.68,MG,1698816303
219,lincheng,19.9078,109.6858,26.36,73,42,6.64,CN,1698816304
220,joshimath,30.5667,79.5667,19.12,26,4,2.78,IN,1698816305
221,isafjordur,66.0755,-23.124,0.73,71,2,1.87,IS,1698816305
222,ilam,26.9167,87.9167,22.88,54,87,2.29,NP,1698816306
223,la ronge,55.1001,-105.2842,-1.86,74,100,4.12,CA,1698816307
224,kapoeta,4.7717,33.5903,27.44,56,64,7.74,SS,1698816307
225,bangassou,4.7413,22.8184,21.05,99,100,1.33,CF,1698816308
226,egilsstadir,65.2653,-14.3948,-4.05,100,100,1.03,IS,1698816308
227,kingscliff,-28.2667,153.5667,24.85,60,75,7.2,AU,1698816309
228,lakatoro,-16.0999,167.4164,26.4,77,31,6.19,VU,1698816310
229,carutapera,-1.195,-46.02,26.09,85,7,3.39,BR,1698816310
230,santa cruz del norte,23.1539,-81.9236,25.72,82,5,5.9,CU,1698816311
231,nizhnesortymskiy,62.4397,71.7603,-8.51,86,100,5.17,RU,1698816311
232,noshiro,40.2039,140.0242,19.46,69,100,6.55,JP,1698816312
233,klaksvik,62.2266,-6.589,1.51,65,51,10.66,FO,1698816312
234,divrigi,39.371,38.1137,16.3,55,100,1.22,TR,1698816313
235,patacamaya,-17.2333,-67.9167,8.33,81,65,3.31,BO,1698816313
236,acarau,-2.8856,-40.12,26.74,74,47,3.86,BR,1698816314
237,kendari,-3.945,122.4989,32.04,54,70,3.21,ID,1698816314
238,maloye ganyushkino,46.6,49.2667,13.22,62,99,6.02,KZ,1698816315
239,chibougamau,49.9168,-74.3659,-7.21,86,100,1.54,CA,1698816315
240,vung tau,10.346,107.0843,29.53,69,49,4.27,VN,1698816316
241,sinabang,2.4803,96.3801,27.39,77,81,1.59,ID,1698816316
242,vlore,40.4667,19.4897,18.36,81,99,1.85,AL,1698816317
243,moroni,-11.7022,43.2551,27.6,71,33,0.7,KM,1698816317
244,parksville,49.3163,-124.3195,7.8,87,43,0.0,CA,1698816318
245,tateyama,34.9833,139.8667,20.01,64,1,2.15,JP,1698816319
246,talnakh,69.4865,88.3972,-17.11,96,99,3.02,RU,1698816319
247,kumru,40.8744,37.2639,19.47,48,100,3.38,TR,1698816320
248,zambrow,52.9855,22.2432,8.96,71,100,6.21,PL,1698816320
249,meulaboh,4.1363,96.1285,28.14,75,92,2.65,ID,1698816321
250,namibe,-15.1961,12.1522,17.52,83,2,1.15,AO,1698816322
251,chifeng,42.2683,118.9636,12.7,34,54,2.03,CN,1698816322
252,lompoc,34.6391,-120.4579,13.66,51,0,3.09,US,1698816193
253,yelizovo,53.1873,158.3805,5.08,60,75,1.0,RU,1698816323
254,nikolayevsk-on-amure,53.1406,140.73,-0.06,77,100,1.75,RU,1698816323
255,kailua-kona,19.6406,-155.9956,26.98,85,0,3.09,US,1698816324
256,grand falls-windsor,48.9332,-55.6649,-2.5,87,7,3.23,CA,1698816324
257,kapa'a,22.0752,-159.319,26.99,82,100,3.6,US,1698816325
258,portsmouth,50.799,-1.0913,14.98,89,100,5.81,GB,1698816326
259,labytnangi,66.6572,66.4183,-9.1,95,100,1.12,RU,1698816326
260,st. john's,47.5649,-52.7093,1.98,87,0,4.63,CA,1698816269
261,nar'yan-mar,67.6713,53.087,-10.5,97,94,2.68,RU,1698816327
262,sarwar,26.0667,75.0,29.26,30,0,3.02,IN,1698816327
263,selfoss,63.9331,-20.9971,2.25,72,14,4.0,IS,1698816328
264,jinghong,21.991,100.7341,29.58,51,33,1.3,CN,1698816328
265,barcelos,41.5388,-8.6151,16.08,82,100,2.5,PT,1698816329
266,rio grande,-32.035,-52.0986,17.19,87,100,9.12,BR,1698816329
267,exu,-7.5119,-39.7242,24.58,48,7,1.69,BR,1698816330
268,nieuw amsterdam,5.8833,-55.0833,27.23,87,32,4.23,SR,1698816330
269,carolina beach,34.0352,-77.8936,9.52,91,100,6.2,US,1698816331
270,gadzhiyevo,69.2551,33.3362,-5.06,93,93,3.59,RU,1698816331
271,andreapol',56.6513,32.2664,9.81,92,77,3.36,RU,1698816332
272,middlebury (village),44.0153,-73.1673,0.98,81,100,0.0,US,1698816333
273,la passe,45.5549,-0.8967,13.13,69,91,9.11,FR,1698816333
274,shinas,24.7433,56.4658,29.14,55,6,2.85,OM,1698816334
275,'ayn al 'arab,36.8932,38.3651,21.24,37,100,2.56,SY,1698816334
276,kharp,66.8014,65.8081,-9.9,95,100,0.94,RU,1698816335
277,obihiro,42.9172,143.2044,14.67,61,83,1.76,JP,1698816335
278,tamanrasset,22.785,5.5228,15.95,25,0,2.06,DZ,1698816336
279,sovetsk,55.0839,21.8785,9.32,85,100,8.4,RU,1698816337
280,brisas de zicatela,15.8369,-97.0419,25.33,84,15,2.18,MX,1698816337
281,vadso,70.0744,29.7487,-0.91,80,20,6.69,NO,1698816338
282,souillac,-20.5167,57.5167,27.21,74,40,6.17,MU,1698816338
283,casper,42.8666,-106.3131,4.84,41,0,2.57,US,1698816259
284,kholmsk,47.0511,142.0569,9.42,81,97,3.71,RU,1698816339
285,lobujya,27.95,86.8167,-2.78,40,99,3.38,NP,1698816339
286,remire-montjoly,4.9167,-52.2667,27.02,89,40,0.0,GF,1698816340
287,dar chioukh,34.8964,3.4854,17.7,36,96,3.77,DZ,1698816340
288,dongola,19.1667,30.4833,25.32,31,19,4.52,SD,1698816341
289,crixas,-14.5489,-49.9692,28.57,40,98,0.87,BR,1698816341
290,preveza,38.95,20.75,18.95,94,75,2.06,GR,1698816342
291,utrik,11.2278,169.8474,28.15,80,94,7.17,MH,1698816081
292,buala,-8.145,159.5921,29.18,73,99,2.66,SB,1698816343
293,smithers,54.7804,-127.1743,-0.82,80,100,1.54,CA,1698816343
294,melo,-32.3667,-54.1833,11.6,96,100,8.21,UY,1698816344
295,dalandzadgad,43.5708,104.425,15.89,27,62,9.42,MN,1698816345
296,nemuro,43.3236,145.575,13.36,83,66,9.14,JP,1698816345
297,la'ie,21.6477,-157.9253,26.98,76,27,0.45,US,1698816346
298,angra do heroismo,38.65,-27.2167,17.84,89,20,2.68,PT,1698816346
299,andovoranto,-18.95,49.1,25.5,71,65,1.36,MG,1698816081
300,lazaro cardenas,17.9583,-102.2,25.75,89,13,1.2,MX,1698816347
301,mahanoro,-19.9,48.8,25.44,74,77,2.92,MG,1698816347
302,dongsheng,39.8161,109.9776,17.53,21,0,7.45,CN,1698816348
303,goshen,41.5823,-85.8344,0.27,93,100,0.0,US,1698816348
304,kogalym,62.2654,74.4791,-9.69,87,100,5.2,RU,1698816349
305,sur,22.5667,59.5289,27.76,49,14,1.14,OM,1698816349
306,vilhena,-12.7406,-60.1458,21.2,81,29,0.13,BR,1698816349
307,bamboo flat,11.7,92.7167,28.05,78,100,2.57,IN,1698816350
308,salekhard,66.53,66.6019,-8.78,95,100,1.62,RU,1698816350
309,indianola,41.3581,-93.5574,-4.11,83,5,2.54,US,1698816321
310,ishigaki,24.3448,124.1572,28.07,74,40,7.2,JP,1698816351
311,sabang,5.8933,95.3214,27.85,72,89,2.47,ID,1698816351
312,cabeza del buey,38.7223,-5.2195,9.96,80,10,2.64,ES,1698816352
313,chonchi,-42.6128,-73.8092,5.56,94,3,0.78,CL,1698816352
314,commentry,46.2921,2.7416,9.26,85,46,2.93,FR,1698816353
315,marange-silvange,49.2075,6.1023,11.71,94,100,3.27,FR,1698816353
316,plesetsk,62.708,40.2916,-4.48,86,100,3.12,RU,1698816354
317,cotonou,6.3654,2.4183,25.99,89,40,1.03,BJ,1698816354
318,tabalah,19.95,42.4,23.58,39,0,5.84,SA,1698816355
319,tafuna,-14.3358,-170.72,27.22,80,43,8.18,AS,1698816355
320,dickinson,29.4608,-95.0513,12.23,64,0,3.09,US,1698816355
321,sarmiento,-45.5882,-69.07,7.92,47,0,1.56,AR,1698816356
322,pimentel,-6.8367,-79.9342,19.16,88,20,7.2,PE,1698816356
323,jerome,42.7241,-114.5186,5.71,56,0,5.66,US,1698816250
324,petrozavodsk,61.7849,34.3469,-0.27,98,100,5.81,RU,1698816357
325,nouadhibou,20.931,-17.0347,22.63,68,5,8.55,MR,1698816358
326,mili,6.0815,171.735,28.71,72,72,2.65,MH,1698816358
327,buka,40.8108,69.1986,14.02,57,4,1.64,UZ,1698816359
328,vernal,40.4555,-109.5287,2.03,38,0,1.54,US,1698816359
329,tura,25.5198,90.2201,28.6,53,2,0.75,IN,1698816359
330,puerto lempira,15.2667,-83.7667,25.77,89,95,5.24,HN,1698816360
331,derbent,42.0678,48.2899,17.31,66,0,0.68,RU,1698816360
332,dhidhdhoo,6.8833,73.1,28.16,74,95,3.6,MV,1698816092
333,livingstone,-17.8419,25.8543,22.08,68,66,2.59,ZM,1698816361
334,samtse,26.899,89.0995,26.97,51,24,1.99,BT,1698816361
335,caraballeda,10.6112,-66.8522,28.26,90,75,1.54,VE,1698816362
336,naze,28.3667,129.4833,24.51,63,33,5.02,JP,1698816362
337,kiama,-34.6833,150.8667,19.03,58,58,4.94,AU,1698816363
338,sitka,57.0531,-135.33,6.94,93,100,0.0,US,1698816239
339,bikenibeu village,1.3673,173.1241,29.98,70,75,2.06,KI,1698816364
340,hastings,50.8552,0.5729,15.51,87,100,12.42,GB,1698816364
341,misratah,32.3754,15.0925,23.05,80,56,2.04,LY,1698816365
342,sandnessjoen,66.0217,12.6316,0.23,59,0,4.63,NO,1698816365
343,shingu,33.7333,135.9833,20.75,51,0,2.9,JP,1698816366
344,antofagasta,-23.65,-70.4,16.6,77,29,2.48,CL,1698816366
345,wailua homesteads,22.0669,-159.378,26.24,82,100,3.6,US,1698816367
346,north bend,43.4065,-124.2243,11.03,87,100,2.57,US,1698816367
347,greenville,35.6127,-77.3663,8.09,95,100,0.45,US,1698816260
348,crockett,31.3182,-95.4566,6.99,70,0,2.06,US,1698816368
349,coari,-4.085,-63.1414,23.57,94,86,0.87,BR,1698816299
350,hasaki,35.7333,140.8333,23.22,60,0,1.78,JP,1698816369
351,kaiama,9.6225,3.9481,23.84,84,100,1.3,NG,1698816369
352,mocajuba,-2.5842,-49.5072,25.31,84,18,2.18,BR,1698816370
353,safaga,26.7292,33.9365,26.9,51,0,3.55,EG,1698816370
354,hammerfest,70.6634,23.6821,2.25,87,75,9.77,NO,1698816371
355,kinkala,-4.3614,14.7644,20.18,96,100,0.4,CG,1698816371
356,port douglas,-16.4833,145.4667,25.91,57,97,3.62,AU,1698816372
357,antsiranana,-12.2787,49.2917,29.42,54,20,4.12,MG,1698816372
358,merizo village,13.2658,144.6691,31.31,83,61,6.51,GU,1698816373
359,gebeit,21.0667,36.3167,23.98,59,0,3.41,SD,1698816373
360,bichura,50.5881,107.6022,0.54,77,100,1.84,RU,1698816374
361,cavnic,47.6667,23.8667,5.55,93,96,3.2,RO,1698816374
362,san pedro pochutla,15.7333,-96.4667,22.56,88,96,1.88,MX,1698816375
363,belmonte,-15.8631,-38.8828,23.36,80,89,3.54,BR,1698816375
364,usogorsk,63.4106,48.6872,-7.41,96,96,1.32,RU,1698816376
365,yegorlykskaya,46.5656,40.6562,12.27,79,1,4.78,RU,1698816377
366,santa helena,-2.2311,-45.3,22.15,97,74,1.28,BR,1698816377
367,nacozari de garcia,30.3742,-109.6908,11.24,49,0,3.79,MX,1698816377
368,whakatane,-37.9585,176.9854,19.17,96,95,0.45,NZ,1698816378
369,pundri,29.75,76.55,28.42,30,0,0.68,IN,1698816379
370,chos malal,-37.3781,-70.2709,5.8,96,100,1.84,AR,1698816379
371,somerset east,-32.7217,25.588,14.24,62,50,0.74,ZA,1698816380
372,stratford,41.1845,-73.1332,8.54,63,100,4.63,US,1698816380
373,miramichi,47.0043,-65.4654,-6.32,96,5,1.3,CA,1698816381
374,berezovyy,51.6667,135.7,2.34,26,0,3.6,RU,1698816382
375,nova vicosa,-17.8919,-39.3719,23.76,82,100,3.49,BR,1698816382
376,fort mcmurray,56.7268,-111.381,-7.23,93,100,2.06,CA,1698816383
377,ardabil,38.2498,48.2933,8.75,81,75,2.06,IR,1698816383
378,la sarre,48.8002,-79.1996,-6.06,79,13,1.71,CA,1698816317
379,labrador city,52.9463,-66.9114,-6.05,68,100,5.14,CA,1698816384
380,mananjary,-21.2167,48.3333,25.75,75,100,4.43,MG,1698816385
381,ta`u,-14.2336,-169.5144,26.88,82,53,9.45,AS,1698816385
382,pampas,-12.4,-74.9,11.07,88,97,1.55,PE,1698816386
383,general villegas,-35.0328,-63.0125,9.62,75,83,5.28,AR,1698816386
384,katsuura,35.1333,140.3,20.55,65,9,2.87,JP,1698816387
385,weno,7.4515,151.8468,29.97,79,100,4.12,FM,1698816387
386,tarawa,1.419,172.984,30.05,70,75,2.06,KI,1698816388
387,east ballina,-28.8667,153.5833,20.44,66,100,6.71,AU,1698816388
388,vila velha,-20.3297,-40.2925,24.97,78,75,2.06,BR,1698816388
389,lewistown,40.5992,-77.5714,3.98,93,0,0.0,US,1698816389
390,hobyo,5.3505,48.5268,28.41,73,72,4.24,SO,1698816389
391,san mariano,7.5,126.0,29.28,76,42,0.16,PH,1698816390
392,maumere,-8.6199,122.2111,30.39,58,52,0.91,ID,1698816390
393,vershino-darasunskiy,52.35,115.5167,-4.47,41,84,1.43,RU,1698816391
394,kamakhyanagar,20.9333,85.55,29.5,52,1,0.43,IN,1698816391
395,haiku-pauwela,20.9219,-156.3051,26.01,72,40,1.54,US,1698816392
396,midvagur,62.0511,-7.1939,1.46,86,40,1.03,FO,1698816392
397,kruisfontein,-34.0033,24.7314,14.4,75,53,2.79,ZA,1698816393
398,fredonia,42.4401,-79.3317,1.14,92,100,3.09,US,1698816393
399,castillos,-34.1667,-53.8333,10.56,92,100,5.51,UY,1698816394
400,fedorovskiy,45.0972,40.9517,13.09,46,0,3.89,RU,1698816394
401,gamba,-2.65,10.0,24.68,90,100,1.28,GA,1698816395
402,turaif,31.6725,38.6637,16.14,55,0,2.57,SA,1698816395
403,n'dalatando,-9.2978,14.9116,20.45,95,100,0.41,AO,1698816395
404,port isabel,26.0734,-97.2086,13.02,50,100,5.14,US,1698816396
405,ferry pass,30.5102,-87.2125,11.47,46,0,8.75,US,1698816396
406,wuwei,37.9281,102.6414,20.79,10,0,1.17,CN,1698816397
407,rio gallegos,-51.6226,-69.2181,2.03,75,0,3.6,AR,1698816397
408,queenstown,-31.8976,26.8753,11.31,69,22,0.33,ZA,1698816398
409,preobrazheniye,42.9019,133.9064,14.8,48,99,3.38,RU,1698816398
410,namtsy,62.7161,129.6658,-13.1,84,100,3.65,RU,1698816399
411,fale old settlement,-9.3852,-171.2468,27.42,77,100,5.92,TK,1698816399
412,saudarkrokur,65.7461,-19.6394,-0.62,61,28,1.21,IS,1698816400
413,saldanha,-33.0117,17.9442,19.03,57,100,2.9,ZA,1698816400
414,almirante,9.3,-82.4,22.68,86,100,1.75,PA,1698816401
415,guillena,37.5426,-6.0563,12.75,93,0,0.51,ES,1698816401
416,las khorey,11.1595,48.1967,27.32,71,87,4.25,SO,1698816339
417,gbarnga,6.9956,-9.4722,20.51,97,100,0.51,LR,1698816402
418,vysokiy,58.35,60.05,-3.67,86,82,3.85,RU,1698816403
419,selkirk,50.1436,-96.8845,-7.69,80,87,3.13,CA,1698816404
420,bahar,34.9072,48.4414,10.09,100,100,0.0,IR,1698816405
421,tara,56.8944,74.371,-6.96,78,99,3.08,RU,1698816405
422,austin,30.2672,-97.7431,8.18,73,0,1.54,US,1698816373
423,center,31.5107,-96.4247,7.67,64,0,2.57,US,1698816406
424,watsa,3.0372,29.5355,19.37,97,85,0.88,CD,1698816406
425,la barceloneta,41.3807,2.1899,16.89,79,0,3.6,ES,1698816407
426,lawas,13.764,121.0566,29.99,75,100,1.28,PH,1698816407
427,kasongo-lunda,-6.4667,16.8167,21.42,93,100,0.3,CD,1698816408
428,sidney,-33.8679,151.2073,22.16,56,75,7.72,AU,1698816310
429,alta sierra,35.7291,-118.5495,4.33,26,88,2.5,US,1698816409
430,fortuna,40.5982,-124.1573,8.51,93,0,2.06,US,1698816409
431,simanggang,1.2472,111.4528,32.99,70,40,1.54,MY,1698816409
432,mosjoen,65.836,13.1908,0.23,92,0,0.0,NO,1698816410
433,tulun,54.5611,100.5792,-4.6,55,100,2.19,RU,1698816410
434,lavagna,44.3079,9.3422,18.97,83,97,0.89,IT,1698816411
435,shenjiamen,29.9576,122.298,22.4,60,0,5.6,CN,1698816411
436,jwaneng,-24.6004,24.7303,11.87,83,62,6.93,BW,1698816412
437,richards bay,-28.783,32.0377,16.49,85,96,2.0,ZA,1698816412
438,vila franca do campo,37.7167,-25.4333,19.23,99,74,5.42,PT,1698816413
439,bykovo,55.6361,38.0803,12.53,99,91,4.0,RU,1698816413
440,iquique,-20.2208,-70.1431,17.02,77,81,1.34,CL,1698816141
441,horta,38.5333,-28.6333,19.45,85,68,6.26,PT,1698816414
442,birendranagar,28.6019,81.6339,25.27,48,89,1.34,NP,1698816414
443,lorengau,-2.0226,147.2712,28.61,73,36,1.89,PG,1698816415
444,sao joao da barra,-21.6403,-41.0511,22.46,95,100,3.17,BR,1698816415
445,floro,61.5996,5.0328,5.54,56,0,6.17,NO,1698816416
446,ailuk,10.2197,169.9797,28.17,80,100,7.32,MH,1698816416
447,nadi,-17.8,177.4167,30.0,66,40,4.12,FJ,1698816417
448,mananara,-16.1667,49.7667,26.24,72,37,0.87,MG,1698816417
449,viedma,-40.8135,-62.9967,3.45,75,13,2.08,AR,1698816417
450,bailesti,44.0167,23.35,14.17,84,87,4.79,RO,1698816418
451,empalme,27.9667,-110.8167,23.29,53,0,3.95,MX,1698816418
452,santana,-0.0583,-51.1817,28.1,78,20,4.12,BR,1698816419
453,charters towers,-20.1,146.2667,37.99,13,26,3.63,AU,1698816419
454,guerrero negro,27.9769,-114.0611,21.58,55,3,0.54,MX,1698816420
455,perryton,36.4,-100.8027,-4.04,74,0,3.6,US,1698816420
456,paulden,34.8856,-112.4682,9.41,14,0,1.53,US,1698816183
457,noumea,-22.2763,166.4572,25.56,99,12,6.85,NC,1698816421
458,mossel bay,-34.1831,22.146,13.96,88,94,4.75,ZA,1698816422
459,tagaw-bay,35.6994,66.0616,11.8,59,7,0.39,AF,1698816422
460,maridi,4.9158,29.4742,22.62,84,41,0.43,SS,1698816423
461,pauini,-7.7136,-66.9764,26.18,68,92,0.94,BR,1698816423
462,cooper's town,26.8667,-77.5167,25.71,85,2,5.03,BS,1698816424
463,sao miguel,-5.4667,-35.3667,24.43,84,7,3.77,BR,1698816424
464,sao vicente,-23.9631,-46.3919,25.1,26,100,0.45,BR,1698816425
465,ma'an,26.9775,110.7211,26.73,41,29,0.62,CN,1698816425
466,georgiyevka,43.0369,74.7114,9.02,81,0,2.0,KZ,1698816426
467,port augusta,-32.5,137.7667,25.04,24,0,5.75,AU,1698816427
468,wanxian,30.8039,108.3897,25.51,60,2,0.45,CN,1698816427
469,fauske,67.2588,15.3918,-1.79,69,0,3.15,NO,1698816428
470,el calafate,-50.3408,-72.2768,5.36,63,6,3.0,AR,1698816428
471,kingston,17.997,-76.7936,27.53,94,40,1.03,JM,1698816429
472,key largo,25.0865,-80.4473,26.11,78,4,4.14,US,1698816379
473,fuyuan,46.4333,127.0833,3.49,38,60,1.85,CN,1698816429
474,al 'aziziyah,32.9058,45.0616,26.67,30,84,2.18,IQ,1698816430
475,orzu,37.5593,68.8184,18.22,41,18,1.34,TJ,1698816430
476,polyarnyy,69.1989,33.4478,-4.94,93,90,3.37,RU,1698816431
477,arno,60.1167,18.6333,2.66,97,100,4.13,SE,1698816333
478,zhanga buqtyrma,49.6295,83.5248,3.28,88,100,0.38,KZ,1698816432
479,pader,3.05,33.2167,23.55,64,94,2.65,UG,1698816432
480,naldurg,17.8167,76.3,26.86,40,9,1.37,IN,1698816432
481,yigo village,13.5361,144.8886,30.62,74,20,6.17,GU,1698816433
482,pasuquin,18.3328,120.6177,33.97,46,75,2.06,PH,1698816434
483,kihancha,-1.1838,34.6262,20.63,69,50,7.77,KE,1698816434
484,ambo,-10.1308,-76.2047,17.48,82,100,0.87,PE,1698816435
485,dunedin,-45.8742,170.5036,14.33,80,88,2.06,NZ,1698816435
486,quesnel,52.9999,-122.5029,-2.72,74,0,0.0,CA,1698816436
487,miguel ahumada,30.6167,-106.5167,9.88,40,0,5.02,MX,1698816436
488,labasa,-16.4167,179.3833,28.09,78,60,3.52,FJ,1698816437
489,otradnoye,59.7775,30.8181,10.05,96,100,3.35,RU,1698816437
490,kerman,30.2832,57.0788,14.92,36,40,2.06,IR,1698816438
491,minas de marcona,-15.2119,-75.1103,13.76,85,69,4.99,PE,1698816438
492,onega,63.9061,38.1404,-5.63,90,100,2.91,RU,1698816439
493,xinyuan,37.3,99.0,6.54,21,0,2.51,CN,1698816439
494,oruro,-17.9833,-67.15,9.29,65,39,0.73,BO,1698816440
495,kayangel,8.0823,134.7173,28.95,73,61,3.91,PW,1698816440
496,semnan,35.5729,53.3971,17.68,43,46,1.28,IR,1698816441
497,mount isa,-20.7333,139.5,39.87,11,0,2.57,AU,1698816441
498,i-n-salah,27.1935,2.4607,24.67,19,0,3.37,DZ,1698816442
499,turkmenbasy,40.0222,52.9552,16.43,36,0,2.06,TM,1698816442
500,suihua,46.6406,126.9969,3.17,38,55,2.13,CN,1698816443
501,kidal,18.4411,1.4078,24.85,18,94,5.66,ML,1698816443
502,callao,-12.0667,-77.15,20.4,77,100,3.6,PE,1698816223
503,kongsvinger,60.1905,11.9977,-2.52,97,97,2.26,NO,1698816444
504,guatrache,-37.6678,-63.5302,7.67,70,97,6.08,AR,1698816445
505,kenai,60.5544,-151.2583,6.16,73,100,3.6,US,1698816445
506,palikir - national government center,6.9248,158.1611,30.41,74,100,2.06,FM,1698816446
507,alamosa,37.4695,-105.87,-2.01,38,1,1.82,US,1698816446
508,north ward,-19.2454,146.8075,28.95,48,0,4.63,AU,1698816447
509,palangkaraya,-2.2,113.8333,38.04,34,47,0.91,ID,1698816447
510,zeya,53.75,127.2667,-4.17,35,24,1.99,RU,1698816448
511,flying fish cove,-10.4217,105.6791,27.82,78,100,6.17,CX,1698816449
512,mhamid,29.82,-5.72,22.46,23,63,2.11,MA,1698816450
513,el colomo,19.05,-104.25,25.5,90,16,1.02,MX,1698816450
514,arkansas city,37.062,-97.0384,-2.51,68,0,0.0,US,1698816451
515,korla,41.7597,86.1469,17.06,19,99,2.91,CN,1698816452
516,las tablas,7.7667,-80.2833,25.01,89,100,2.2,PA,1698816453
517,sandakan,5.8402,118.1179,31.82,70,40,3.13,MY,1698816453
518,guiuan,11.0333,125.7247,29.03,76,46,3.71,PH,1698816453
519,acopiara,-6.0953,-39.4525,23.49,81,31,3.12,BR,1698816454
520,bulanash,57.2783,61.9965,-4.11,87,76,3.74,RU,1698816454
521,lisala,2.15,21.5167,21.6,99,100,1.04,CD,1698816455
522,balimila,18.25,82.1333,27.73,54,48,1.38,IN,1698816456
523,guanica,17.9716,-66.908,27.77,70,96,4.82,PR,1698816456
524,greymouth,-42.4667,171.2,14.83,67,95,2.2,NZ,1698816456
525,aral,40.5156,81.2636,17.86,19,98,5.78,CN,1698816457
526,banes,20.9625,-75.7186,25.34,90,100,1.53,CU,1698816458
527,tlahualilo de zaragoza,26.1167,-103.45,9.94,64,85,2.6,MX,1698816459
528,keflavik,64.0049,-22.5624,3.95,75,0,5.66,IS,1698816459
529,manokwari,-0.8667,134.0833,28.2,75,53,2.62,ID,1698816460
530,fuyang,32.9,115.8167,29.59,22,12,6.3,CN,1698816460
531,laojunmiao,39.8333,97.7333,14.23,18,20,5.65,CN,1698816461
532,melfi,40.9965,15.6514,10.83,80,100,1.95,IT,1698816461
533,al bayda',32.7627,21.7551,17.2,37,2,2.93,LY,1698816462
534,ndele,8.4109,20.6473,23.17,85,99,0.41,CF,1698816462
535,san fernando,15.0286,120.6898,31.85,88,100,1.97,PH,1698816463
536,zyryanskoye,56.8306,86.6258,-6.41,66,23,1.23,RU,1698816463
537,settat,33.0007,-7.6204,16.9,91,97,1.28,MA,1698816464
538,tanjung pandan,-2.75,107.65,33.07,51,82,2.03,ID,1698816464
539,"laikit, laikit ii (dimembe)",1.4792,124.9735,32.47,52,40,3.09,ID,1698816465
540,krasnovishersk,60.4078,57.082,-7.65,92,99,1.18,RU,1698816465
541,sept-iles,50.2001,-66.3821,-1.08,69,20,3.09,CA,1698816466
542,qarazhal,48.0078,70.7903,1.93,96,100,8.58,KZ,1698816466
543,amasra,41.7463,32.3863,13.03,55,63,2.34,TR,1698816467
544,mansa,29.9833,75.3833,29.52,27,0,2.53,IN,1698816467
545,kupino,54.3663,77.2981,-6.83,90,61,2.87,RU,1698816468
546,gryazovets,58.88,40.2525,0.11,98,100,4.7,RU,1698816468
547,iwaki,37.05,140.8833,24.32,67,4,1.34,JP,1698816469
548,north bondi,-33.8824,151.2769,22.49,57,75,7.72,AU,1698816469
549,lukuledi,-10.5667,38.8,25.46,70,17,2.04,TZ,1698816469
550,fada,9.5667,8.3,20.18,89,98,0.29,NG,1698816470
551,nandlstadt,48.5333,11.8,8.15,88,0,1.03,DE,1698816470
552,puerto deseado,-47.7503,-65.8938,6.4,65,1,7.87,AR,1698816471
553,gisborne,-38.6533,178.0042,17.48,93,88,2.45,NZ,1698816472
554,juneau,58.3019,-134.4197,5.61,100,100,0.0,US,1698816472
555,bonthe,7.5264,-12.505,22.9,90,100,5.82,SL,1698816473
556,atafu village,-8.5421,-172.5159,27.02,78,100,4.19,TK,1698816473
557,aparecida do taboado,-20.0867,-51.0936,23.2,74,100,2.32,BR,1698816473
558,bulawayo,-20.15,28.5833,13.73,87,98,4.83,ZW,1698816474
559,capinota,-17.7167,-66.2333,17.92,56,85,1.7,BO,1698816474
560,salinas,36.6777,-121.6555,16.98,51,0,2.57,US,1698816299
561,ternate,0.8,127.4,28.86,73,99,3.62,ID,1698816475
562,san luis de la loma,17.2706,-100.8939,25.81,88,78,1.31,MX,1698816475
563,floresville,29.1336,-98.1561,8.32,67,0,3.27,US,1698816476
564,east end,34.5507,-92.341,4.39,49,0,0.45,US,1698816476
565,caribou,46.8606,-68.012,-0.76,80,100,0.0,US,1698816477
566,taos,36.4072,-105.5731,1.36,39,0,2.68,US,1698816477
567,qandala,11.472,49.8728,27.04,76,95,3.31,SO,1698816478
568,safotu,-13.4513,-172.4018,27.29,77,60,8.34,WS,1698816478
569,barra de santo antonio,-9.4047,-35.5072,23.6,76,83,3.64,BR,1698816478
570,arraial do cabo,-22.9661,-42.0278,23.42,89,100,2.11,BR,1698816479
571,kongwa,-6.2,36.4167,21.68,72,91,2.45,TZ,1698816480
